ChrPos,Strand,Name,LocalizationMetric_Vienna_ens,StartToBPStemMetric_Vienna_ens,BPToEndStemMetric_Vienna_ens,StartProtectionMetric_Vienna_ens,EndProtectionMetric_Vienna_ens,BPProtectionMetric_Vienna_ens,ZipperStemStartMetric_Vienna_ens,ZipperStemEndMetric_Vienna_ens
"('chrI', 1, 61)",+,,20.208,11.512925464970229,11.512925464970229,0.0011428571428571,0.7101428571428486,0.4077142857142843,0.0,0.0
"('chrI', 1, 330)",+,,18.853,11.512925464970229,11.512925464970229,0.672285714285708,0.0577142857142856,0.9545714285714292,-9.6,0.0
"('chrI', 1, 79)",+,,14.228,0.0725706928348353,11.512925464970229,0.0277142857142856,0.0914285714285715,0.2547142857142841,-3.7,0.0
"('chrI', 1, 54)",+,,16.726,3.649658740960655,3.963316299815697,0.1304285714285716,0.1305714285714288,0.606714285714283,0.0,0.0
"('chrI', 1, 77)",+,,14.867,11.512925464970229,11.512925464970229,0.8230000000000013,0.5464285714285675,0.3755714285714286,0.0,0.0
"('chrI', 1, 294)",+,,16.837,1.3470736479666092,11.512925464970229,0.3675714285714273,0.441428571428574,0.5150000000000022,-3.0,0.0
"('chrI', 1, 78)",+,,16.541,3.4420193761824103,11.512925464970229,0.6285714285714237,0.0507142857142856,0.4277142857142889,-2.1000000000000005,0.0
"('chrI', 1, 61)",+,,5.888,0.0080321716972642,11.512925464970229,0.589142857142856,0.0081428571428571,0.3268571428571401,0.0,0.0
"('chrI', 1, 64)",+,,9.712,11.512925464970229,11.512925464970229,0.5024285714285742,0.0895714285714289,0.536571428571428,0.0,0.0
"('chrI', 1, 159)",+,,4.211,0.1960148839259572,11.512925464970229,0.6822857142857077,0.0279999999999999,0.7971428571428584,0.0,0.0
"('chrI', 1, 230)",+,,23.635,11.512925464970229,11.512925464970229,0.106571428571429,0.5179999999999975,0.9842857142857148,0.0,0.0
"('chrI', 1, 279)",+,,17.067,11.512925464970229,11.512925464970229,0.5442857142857166,0.1260000000000003,0.5745714285714285,-4.8,0.0
"('chrI', 1, 207)",+,,14.681,11.512925464970229,11.512925464970229,0.3398571428571429,0.3917142857142832,0.1405714285714281,-5.900000000000001,0.0
"('chrI', 1, 302)",+,,19.856,11.512925464970229,11.512925464970229,0.8720000000000032,0.7980000000000008,0.6771428571428507,0.0,0.0
"('chrI', 1, 60)",+,,22.166,11.512925464970229,11.512925464970229,0.4210000000000021,0.222571428571428,0.4035714285714292,0.0,0.0
"('chrI', 1, 180)",+,,16.913,11.512925464970229,11.512925464970229,0.8414285714285765,0.5068571428571417,0.1548571428571429,0.0,0.0
"('chrI', 1, 207)",+,,13.186,0.5481814103097596,11.512925464970229,0.45885714285714,0.6205714285714273,0.7374285714285654,-4.05,0.0
"('chrI', 1, 458)",+,,19.223,11.512925464970229,11.512925464970229,0.3570000000000012,0.6661428571428514,0.7507142857142783,0.0,0.0
"('chrI', 1, 77)",+,,17.112,6.907755278982137,11.512925464970229,0.2538571428571399,0.6531428571428546,0.6942857142857101,-1.3142857142857145,0.0
"('chrI', 1, 94)",+,,38.5,11.512925464970229,3.575550768806933,0.0282857142857142,0.0762857142857143,0.6399999999999951,0.0,0.0
"('chrI', 1, 72)",+,,14.79,11.512925464970229,11.512925464970229,0.6309999999999992,0.245857142857144,0.9119999999999996,-0.1,0.0
"('chrI', 1, 231)",+,,1.204,0.0140989243795016,11.512925464970229,0.6585714285714239,0.0092857142857142,0.6269999999999949,0.0,0.0
"('chrI', 1, 71)",+,,29.517,5.809142990314028,11.512925464970229,0.1109999999999999,0.5665714285714235,0.6228571428571391,0.0,0.0
"('chrI', 1, 404)",+,,16.61,11.512925464970229,0.2119563619236453,0.5577142857142829,0.6148571428571389,0.6688571428571358,-5.026086956521738,0.0
"('chrI', 1, 317)",+,,10.37,5.298317366548036,11.512925464970229,0.571714285714283,0.0332857142857142,0.500999999999999,-5.595238095238097,0.0
"('chrI', 1, 64)",+,,20.519,6.214608098422191,0.7486598904902041,0.5654285714285656,0.4674285714285701,0.159285714285714,0.0,0.0
"('chrI', 1, 121)",+,,30.069,11.512925464970229,11.512925464970229,0.5648571428571372,0.1377142857142845,0.6018571428571401,0.0,0.0
"('chrI', 1, 66)",+,,19.063,11.512925464970229,11.512925464970229,0.4615714285714269,0.293,0.4684285714285702,0.0,0.0
"('chrI', 1, 60)",+,,28.651,11.512925464970229,11.512925464970229,0.4027142857142868,0.9045714285714338,0.281999999999997,0.0,0.0
"('chrI', 1, 182)",+,,19.32,2.6882475738060303,1.9519282213808764,0.3355714285714284,0.3132857142857141,0.9241428571428588,-6.866666666666667,0.0
"('chrI', 1, 55)",+,,25.457,11.512925464970229,11.512925464970229,0.0137142857142857,0.7811428571428561,0.7032857142857056,0.0,0.0
"('chrI', 1, 64)",+,,18.275,3.611918412977808,11.512925464970229,0.7342857142857118,0.7064285714285709,0.0810000000000001,0.0,0.0
"('chrI', 1, 350)",+,,8.3,0.231932057347289,11.512925464970229,0.572714285714286,0.0141428571428571,0.9247142857142872,0.0,0.0
"('chrI', 1, 97)",+,,11.875,0.731888008876376,1.8018098050815563,0.1537142857142841,0.1329999999999998,0.1148571428571427,-7.729629629629627,0.0
"('chrI', 1, 92)",+,,21.397,5.521460917862246,11.512925464970229,0.061,0.6292857142857118,0.793000000000001,-1.8000000000000003,0.0
"('chrI', 1, 339)",+,,11.382,2.0874737133771,11.512925464970229,0.5089999999999976,0.7001428571428538,0.6597142857142829,0.0,0.0
"('chrI', 1, 92)",+,,10.254,0.1566538100453768,0.2306718177350012,0.2239999999999988,0.6255714285714244,0.7441428571428561,-0.547945205479452,0.0
"('chrI', 1, 276)",+,,18.839,5.298317366548036,11.512925464970229,0.8258571428571422,0.5867142857142796,0.182857142857141,-11.697058823529424,0.0
"('chrI', 1, 241)",+,,20.905,11.512925464970229,11.512925464970229,0.0945714285714285,0.5679999999999993,0.7627142857142768,0.0,0.0
"('chrI', 1, 294)",+,,13.224,6.214608098422191,11.512925464970229,0.3730000000000018,0.3184285714285714,0.2369999999999986,0.0,0.0
"('chrI', 1, 61)",+,,14.605,1.9379419794061368,2.09557092360972,0.4157142857142857,0.4788571428571441,0.428285714285713,0.0,0.0
"('chrI', 1, 61)",+,,11.922,0.0171461588349705,11.512925464970229,0.7025714285714194,0.4872857142857154,0.0141428571428571,0.0,0.0
"('chrI', 1, 73)",+,,18.829,11.512925464970229,11.512925464970229,0.0241428571428571,0.3382857142857143,0.4148571428571451,0.0,0.0
"('chrI', 1, 163)",+,,16.431,11.512925464970229,11.512925464970229,0.4634285714285724,0.6328571428571393,0.5624285714285726,0.0,0.0
"('chrI', 1, 442)",+,,14.724,11.512925464970229,11.512925464970229,0.3408571428571421,0.6182857142857138,0.4472857142857137,-15.3,0.0
"('chrI', 1, 418)",+,,28.862,11.512925464970229,11.512925464970229,0.0651428571428572,0.5421428571428599,0.809142857142858,0.0,0.0
"('chrI', 1, 59)",+,,23.134,11.512925464970229,11.512925464970229,0.0871428571428573,0.5964285714285671,0.9872857142857148,0.0,0.0
"('chrI', 1, 102)",+,,23.067,4.3428059215206005,11.512925464970229,0.0994285714285719,0.1712857142857132,0.7301428571428519,-6.465000000000008,0.0
"('chrI', 1, 360)",+,,23.891,3.772261063052988,11.512925464970229,0.0785714285714285,0.4341428571428578,0.603428571428569,0.0,0.0
"('chrI', 1, 111)",+,,23.068,11.512925464970229,5.809142990314028,0.7045714285714193,0.0822857142857143,0.2901428571428555,-2.3000000000000034,0.0
"('chrI', 1, 79)",+,,12.265,11.512925464970229,11.512925464970229,0.4097142857142866,0.1292857142857145,0.5362857142857103,-0.9137254901960776,0.0
"('chrI', 1, 64)",+,,19.927,11.512925464970229,11.512925464970229,0.4061428571428594,0.5359999999999948,0.7791428571428558,0.0,0.0
"('chrI', 1, 85)",+,,17.889,11.512925464970229,11.512925464970229,0.633285714285711,0.1137142857142857,0.4100000000000016,-0.7,0.0
"('chrI', 1, 63)",+,,17.098,1.374365790254617,11.512925464970229,0.3231428571428583,0.5492857142857113,0.6938571428571403,0.0,0.0
"('chrI', 1, 76)",+,,16.695,11.512925464970229,11.512925464970229,0.0554285714285718,0.467571428571432,0.3014285714285702,-0.7999999999999999,0.0
"('chrI', 1, 77)",+,,13.172,4.135166556742356,11.512925464970229,0.695285714285706,0.7329999999999939,0.5645714285714251,-0.8333333333333334,0.0
"('chrI', 1, 73)",+,,14.587,0.2156715364755087,11.512925464970229,0.7421428571428537,0.8217142857142883,0.6918571428571345,0.0,0.0
"('chrI', 1, 63)",+,,17.709,11.512925464970229,11.512925464970229,0.3849999999999985,0.4798571428571453,0.5277142857142901,0.0,0.0
"('chrI', 1, 296)",+,,18.903,3.036554268074246,11.512925464970229,0.2217142857142844,0.4252857142857113,0.6877142857142831,0.0,0.0
"('chrI', 1, 211)",+,,16.616,11.512925464970229,11.512925464970229,0.1654285714285699,0.5552857142857094,0.844857142857146,-16.6,0.0
"('chrI', 1, 341)",+,,14.465,2.419118909249997,11.512925464970229,0.6832857142857136,0.1020000000000001,0.4830000000000015,0.0,0.0
"('chrI', 1, 372)",+,,7.909,3.4112477175156566,11.512925464970229,0.770999999999991,0.4671428571428615,0.4195714285714292,-4.1000000000000005,0.0
"('chrI', 1, 54)",+,,18.996,11.512925464970229,11.512925464970229,0.0,0.6838571428571351,0.4201428571428591,0.0,0.0
"('chrI', 1, 98)",+,,13.863,1.0700248318161971,11.512925464970229,0.2668571428571402,0.2935714285714294,0.7198571428571365,-12.200000000000022,0.0
"('chrI', 1, 63)",+,,7.955,0.2770718933397654,11.512925464970229,0.514999999999998,0.0617142857142857,0.4469999999999996,0.0,0.0
"('chrI', 1, 64)",+,,11.257,4.710530701645918,11.512925464970229,0.2065714285714269,0.2217142857142837,0.8254285714285746,0.0,0.0
"('chrI', 1, 73)",+,,11.884,0.0408219945202551,11.512925464970229,0.0081428571428571,0.0047142857142857,0.2949999999999968,0.0,0.0
"('chrI', 1, 419)",+,,13.837,4.017383521085972,11.512925464970229,0.6227142857142817,0.2347142857142849,0.57185714285714,-17.26666666666667,0.0
"('chrI', 1, 70)",+,,20.894,3.324236340526028,11.512925464970229,0.3155714285714286,0.507571428571425,0.4835714285714265,0.0,0.0
"('chrI', 1, 68)",+,,22.513,2.864704011147587,1.030019497202498,0.0772857142857144,0.5934285714285685,0.3635714285714284,0.0,0.0
"('chrI', 1, 406)",+,,23.132,11.512925464970229,11.512925464970229,0.435428571428572,0.8752857142857109,0.6635714285714228,-18.699999999999996,0.0
"('chrI', 1, 276)",+,,14.326,5.298317366548036,0.1473405878987091,0.232142857142855,0.5359999999999951,0.872999999999998,0.0,0.0
"('chrI', 1, 518)",+,,14.582,4.605170185988091,11.512925464970229,0.5954285714285679,0.0910000000000002,0.9644285714285716,0.0,0.0
"('chrI', 1, 75)",+,,24.179,11.512925464970229,0.7052197617942145,0.199857142857142,0.5109999999999992,0.480571428571431,0.0,0.0
"('chrI', 1, 223)",+,,14.491,6.907755278982137,11.512925464970229,0.4715714285714296,0.1325714285714291,0.3358571428571429,-13.318181818181815,0.0
"('chrI', 1, 71)",+,,11.63,0.2256466815323282,11.512925464970229,0.3319999999999998,0.2109999999999987,0.932999999999998,0.0,0.0
"('chrI', 1, 67)",+,,20.989,11.512925464970229,2.7333680090865,0.6978571428571343,0.722714285714283,0.425000000000003,0.0,0.0
"('chrI', 1, 303)",+,,14.272,1.313043899380298,1.448169764837978,0.4802857142857156,0.6334285714285715,0.7338571428571432,-8.0,0.0
"('chrI', 1, 406)",+,,15.669,11.512925464970229,11.512925464970229,0.3842857142857157,0.3787142857142844,0.9824285714285724,0.0,0.0
"('chrI', 1, 75)",+,,18.981,11.512925464970229,4.509860006183766,0.4614285714285738,0.451000000000002,0.2189999999999986,0.0,0.0
"('chrI', 1, 58)",+,,13.213,11.512925464970229,11.512925464970229,0.1622857142857141,0.1934285714285707,0.558000000000001,0.0,0.0
"('chrI', 1, 230)",+,,11.525,11.512925464970229,11.512925464970229,0.8917142857142886,0.85028571428572,0.5695714285714224,-9.891666666666666,0.0
"('chrI', 1, 108)",+,,17.367,11.512925464970229,0.2718087232954908,0.3605714285714294,0.5347142857142833,0.6097142857142815,-5.2,0.0
"('chrI', 1, 64)",+,,21.429,5.521460917862246,11.512925464970229,0.4139999999999982,0.502571428571426,0.7937142857142861,0.0,0.0
"('chrI', 1, 69)",+,,20.657,11.512925464970229,11.512925464970229,0.293285714285713,0.2857142857142846,0.5908571428571391,0.0,0.0
"('chrI', 1, 364)",+,,21.867,11.512925464970229,11.512925464970229,0.0038571428571428,0.8107142857142864,0.9612857142857164,0.0,0.0
"('chrI', 1, 277)",+,,22.202,4.8283137373023015,11.512925464970229,0.1135714285714286,0.240714285714286,0.5204285714285702,-15.399999999999993,0.0
"('chrI', 1, 64)",+,,28.786,4.961845129926823,11.512925464970229,0.288285714285713,0.6244285714285669,0.3349999999999986,0.0,0.0
"('chrI', 1, 287)",+,,22.239,11.512925464970229,11.512925464970229,0.0277142857142856,0.5395714285714248,0.292285714285713,0.0,0.0
"('chrI', 1, 177)",+,,12.479,0.0010005003335835,11.512925464970229,0.3027142857142839,0.3389999999999993,0.426428571428571,-2.719047619047621,0.0
"('chrI', 1, 90)",+,,22.696,11.512925464970229,11.512925464970229,0.0401428571428571,0.2355714285714259,0.4404285714285744,-2.0,0.0
"('chrI', 1, 356)",+,,14.205,11.512925464970229,11.512925464970229,0.2491428571428559,0.2424285714285699,0.7418571428571347,-9.45,0.0
"('chrI', 1, 59)",+,,14.615,11.512925464970229,11.512925464970229,0.1215714285714292,0.0980000000000005,0.3507142857142848,0.0,0.0
"('chrI', 1, 78)",+,,22.444,3.863232841258714,1.4696759700589417,0.1518571428571427,0.5262857142857132,0.5101428571428522,-4.8,0.0
"('chrI', 1, 57)",+,,25.688,11.512925464970229,11.512925464970229,0.0425714285714285,0.3685714285714285,0.2709999999999996,0.0,0.0
"('chrI', 1, 55)",+,,25.334,11.512925464970229,11.512925464970229,0.0281428571428571,0.8335714285714315,0.3189999999999995,0.0,0.0
"('chrI', 1, 304)",+,,7.187,11.512925464970229,11.512925464970229,0.839142857142862,0.2724285714285686,0.9704285714285732,0.0,0.0
"('chrI', 1, 69)",+,,8.111,0.12897038129696,11.512925464970229,0.4139999999999992,0.0445714285714285,0.292999999999999,0.0,0.0
"('chrI', 1, 369)",+,,23.273,11.512925464970229,11.512925464970229,0.8302857142857117,0.2937142857142825,0.8552857142857199,0.0,0.0
"('chrI', 1, 162)",+,,15.792,11.512925464970229,3.912023005428146,0.8214285714285733,0.4602857142857174,0.5689999999999936,-8.3,0.0
"('chrI', 1, 421)",+,,11.946,11.512925464970229,11.512925464970229,0.698428571428563,0.6842857142857062,0.8340000000000026,0.0,0.0
"('chrI', 1, 343)",+,,13.233,0.731888008876376,0.0377018671840115,0.4542857142857144,0.5707142857142794,0.2591428571428553,0.0,0.0
"('chrI', 1, 85)",+,,22.657,4.710530701645918,11.512925464970229,0.3092857142857144,0.0419999999999999,0.222285714285713,0.0,0.0
"('chrI', 1, 172)",+,,9.903,11.512925464970229,11.512925464970229,0.3298571428571418,0.3374285714285699,0.454142857142858,0.0,0.0
"('chrI', 1, 133)",+,,10.839,3.816712825623821,11.512925464970229,0.5721428571428524,0.1590000000000001,0.3292857142857135,-6.5,0.0
"('chrI', 1, 60)",+,,15.095,3.473768074496991,11.512925464970229,0.1030000000000004,0.1954285714285703,0.4748571428571456,0.0,0.0
"('chrI', 1, 469)",+,,9.924,3.0159349808715104,6.214608098422191,0.5505714285714262,0.2234285714285695,0.5074285714285676,0.0,0.0
"('chrI', 1, 93)",+,,16.969,5.809142990314028,1.0876723486297752,0.252714285714286,0.3752857142857143,0.8277142857142895,-3.2699999999999996,0.0
"('chrI', 1, 72)",+,,25.735,4.961845129926823,11.512925464970229,0.4750000000000026,0.1358571428571425,0.0502857142857142,0.0,0.0
"('chrI', 1, 71)",+,,20.976,11.512925464970229,11.512925464970229,0.652857142857137,0.7748571428571435,0.6639999999999934,0.0,0.0
"('chrI', 1, 71)",+,,18.901,11.512925464970229,11.512925464970229,0.3048571428571424,0.3981428571428594,0.4815714285714262,0.0,0.0
"('chrI', 1, 84)",+,,12.897,1.2241755116434554,1.0788096613719298,0.482857142857144,0.2531428571428573,0.3467142857142843,-4.31153846153846,0.0
"('chrI', 1, 369)",+,,30.729,11.512925464970229,11.512925464970229,0.4257142857142876,0.5729999999999978,0.6964285714285634,0.0,0.0
"('chrI', 1, 66)",+,,20.885,2.0874737133771,11.512925464970229,0.0801428571428571,0.3305714285714276,0.4680000000000013,0.0,0.0
"('chrI', 1, 74)",+,,22.634,2.7333680090865,11.512925464970229,0.0662857142857143,0.2521428571428564,0.7312857142857129,0.0,0.0
"('chrI', 1, 336)",+,,21.972,11.512925464970229,11.512925464970229,0.2161428571428555,0.5814285714285655,0.7968571428571424,-2.2,0.0
"('chrI', 1, 69)",+,,18.546,4.135166556742356,3.4112477175156566,0.1409999999999998,0.2808571428571431,0.3644285714285721,0.0,0.0
"('chrI', 1, 186)",+,,15.981,5.298317366548036,11.512925464970229,0.4632857142857156,0.7701428571428566,0.5451428571428574,-6.847619047619048,0.0
"('chrI', 1, 61)",+,,19.76,4.017383521085972,11.512925464970229,0.3465714285714288,0.495,0.3391428571428577,0.0,0.0
"('chrI', 1, 94)",+,,11.496,1.6044503709230613,0.8770700187208739,0.4662857142857129,0.3330000000000002,0.3635714285714277,-2.4446428571428593,0.0
"('chrI', 1, 332)",+,,14.653,5.521460917862246,11.512925464970229,0.0274285714285714,0.0687142857142858,0.8487142857142859,0.0,0.0
"('chrI', 1, 573)",+,,37.746,6.907755278982137,3.729701448634192,0.0607142857142856,0.3487142857142853,0.5577142857142833,-11.0,-5.826000000000001
"('chrI', 1, 236)",+,,17.41,11.512925464970229,11.512925464970229,0.3904285714285698,0.3098571428571416,0.6809999999999926,0.0,0.0
"('chrI', 1, 364)",+,,16.379,6.907755278982137,11.512925464970229,0.4118571428571425,0.4497142857142857,0.6582857142857118,-14.268965517241382,0.0
"('chrI', 1, 72)",+,,21.632,11.512925464970229,5.521460917862246,0.35757142857143,0.5914285714285665,0.2229999999999993,0.0,0.0
"('chrI', 1, 85)",+,,23.977,2.111964733385396,11.512925464970229,0.3411428571428584,0.1318571428571431,0.1060000000000007,0.0,0.0
"('chrI', 1, 67)",+,,18.875,11.512925464970229,6.907755278982137,0.4702857142857159,0.6498571428571381,0.5629999999999951,0.0,0.0
"('chrI', 1, 59)",+,,14.18,0.0010005003335835,0.7277386253295643,0.6937142857142773,0.2659999999999973,0.2628571428571399,0.0,0.0
"('chrI', 1, 75)",+,,8.215,11.512925464970229,11.512925464970229,0.5334285714285676,0.015,0.5508571428571442,-0.2,0.0
"('chrI', 1, 309)",+,,19.213,11.512925464970229,3.506557897319982,0.4870000000000019,0.8658571428571421,0.1098571428571429,0.0,0.0
"('chrI', 1, 365)",+,,22.104,3.729701448634192,11.512925464970229,0.4171428571428581,0.7844285714285655,0.4507142857142845,0.0,0.0
"('chrI', 1, 91)",+,,22.737,6.214608098422191,4.961845129926823,0.4247142857142882,0.733571428571426,0.4028571428571421,-6.961224489795928,0.0
"('chrI', 1, 377)",+,,15.305,3.729701448634192,11.512925464970229,0.2699999999999977,0.3664285714285718,0.7935714285714277,-9.5,0.0
"('chrI', 1, 62)",+,,13.321,5.298317366548036,11.512925464970229,0.6484285714285688,0.0041428571428571,0.7111428571428531,0.0,0.0
"('chrI', 1, 63)",+,,16.681,0.7830718880879323,11.512925464970229,0.1327142857142864,0.335285714285714,0.2022857142857133,0.0,0.0
"('chrI', 1, 401)",+,,12.15,11.512925464970229,11.512925464970229,0.3521428571428559,0.3167142857142862,0.0178571428571428,0.0,0.0
"('chrI', 1, 57)",+,,14.883,11.512925464970229,11.512925464970229,0.3195714285714276,0.6052857142857119,0.6789999999999926,0.0,0.0
"('chrI', 1, 68)",+,,14.239,11.512925464970229,11.512925464970229,0.5224285714285682,0.4024285714285723,0.2774285714285699,-2.5,0.0
"('chrI', 1, 248)",+,,20.517,3.863232841258714,11.512925464970229,0.0417142857142857,0.4035714285714282,0.0994285714285714,-9.501886792452833,0.0
"('chrI', 1, 409)",+,,13.929,11.512925464970229,4.710530701645918,0.7007142857142781,0.2027142857142856,0.5452857142857148,-11.5,0.0
"('chrI', 1, 71)",+,,11.171,0.3989861420104552,11.512925464970229,0.3297142857142854,0.1891428571428562,0.4868571428571441,0.0,0.0
"('chrI', 1, 58)",+,,11.04,11.512925464970229,11.512925464970229,0.2639999999999975,0.1384285714285704,0.6642857142857082,0.0,0.0
"('chrI', 1, 65)",+,,7.057,0.0502412164367467,11.512925464970229,0.6455714285714257,0.0577142857142857,0.3957142857142857,0.0,0.0
"('chrI', 1, 125)",+,,19.472,11.512925464970229,5.298317366548036,0.0694285714285714,0.4761428571428583,0.4237142857142842,-1.8,0.0
"('chrI', 1, 74)",+,,8.944,0.0534007767271152,11.512925464970229,0.2609999999999971,0.3004285714285719,0.3994285714285703,0.0,0.0
"('chrI', 1, 60)",+,,15.388,1.4024237430497744,11.512925464970229,0.2587142857142845,0.5688571428571414,0.3035714285714267,0.0,0.0
"('chrI', 1, 66)",+,,10.95,0.5727010274840783,0.1519863569978817,0.3959999999999992,0.415999999999999,0.9292857142857168,0.0,0.0
"('chrI', 1, 66)",+,,27.004,3.079113882493042,1.8838747581358608,0.1429999999999998,0.6655714285714266,0.2874285714285709,0.0,0.0
"('chrI', 1, 69)",+,,17.651,1.4784096500276962,11.512925464970229,0.2635714285714279,0.5412857142857093,0.4701428571428571,0.0,0.0
"('chrI', 1, 87)",+,,26.77,11.512925464970229,11.512925464970229,0.156285714285714,0.4337142857142861,0.0017142857142857,0.0,0.0
"('chrI', 1, 67)",+,,23.438,3.1941832122778293,11.512925464970229,0.4308571428571435,0.4919999999999999,0.1995714285714276,0.0,0.0
"('chrI', 1, 382)",+,,23.167,11.512925464970229,11.512925464970229,0.0232857142857142,0.4410000000000025,0.4874285714285708,-4.733333333333333,0.0
"('chrI', 1, 57)",+,,12.963,1.584745299843729,11.512925464970229,0.4255714285714245,0.6094285714285682,0.791571428571431,0.0,0.0
"('chrI', 1, 56)",+,,21.794,4.017383521085972,6.214608098422191,0.1791428571428572,0.3095714285714291,0.2439999999999985,0.0,0.0
"('chrI', 1, 496)",+,,18.429,6.907755278982137,4.422848629194137,0.4357142857142876,0.9600000000000012,0.6477142857142808,0.0,0.0
"('chrI', 1, 310)",+,,19.624,11.512925464970229,11.512925464970229,0.6949999999999928,0.2608571428571418,0.9015714285714322,0.0,0.0
"('chrI', 1, 68)",+,,16.511,0.7743572359854884,1.2173958246580767,0.4645714285714302,0.6584285714285679,0.515428571428572,0.0,0.0
"('chrI', 1, 60)",+,,21.216,5.521460917862246,0.0191828194167739,0.2547142857142862,0.8431428571428612,0.8039999999999983,0.0,0.0
"('chrI', 1, 265)",+,,15.329,6.907755278982137,11.512925464970229,0.2238571428571415,0.5885714285714247,0.949428571428572,-8.005000000000003,0.0
"('chrI', 1, 129)",+,,24.373,5.115995809754082,5.115995809754082,0.5825714285714243,0.829428571428576,0.712428571428564,-19.007692307692306,0.0
"('chrI', 1, 79)",+,,14.346,6.907755278982137,11.512925464970229,0.5788571428571452,0.5395714285714259,0.2934285714285683,0.0,0.0
"('chrI', 1, 79)",+,,16.347,4.605170185988091,11.512925464970229,0.3905714285714296,0.1271428571428562,0.5808571428571425,-3.9312500000000004,0.0
"('chrI', 1, 63)",+,,20.64,5.298317366548036,11.512925464970229,0.1870000000000001,0.7571428571428557,0.4219999999999996,0.0,0.0
"('chrI', 1, 282)",+,,9.725,0.4019712188539085,11.512925464970229,0.3875714285714279,0.1522857142857141,0.4601428571428572,0.0,0.0
"('chrI', 1, 99)",+,,23.551,11.512925464970229,11.512925464970229,0.5597142857142846,0.8679999999999999,0.3688571428571429,-3.3555555555555547,0.0
"('chrI', 1, 72)",+,,16.522,11.512925464970229,11.512925464970229,0.262285714285713,0.1577142857142848,0.5787142857142838,0.0,0.0
"('chrI', 1, 227)",+,,19.563,11.512925464970229,2.2256240518579173,0.5460000000000024,0.4131428571428578,0.5799999999999972,-5.2,0.0
"('chrI', 1, 69)",+,,15.465,5.115995809754082,11.512925464970229,0.3144285714285699,0.2890000000000001,0.4358571428571448,0.0,0.0
"('chrI', 1, 69)",+,,21.813,4.961845129926823,11.512925464970229,0.7117142857142761,0.8538571428571481,0.6937142857142775,0.0,0.0
"('chrI', 1, 256)",+,,18.642,4.135166556742356,11.512925464970229,0.5517142857142863,0.7895714285714324,0.4889999999999995,-14.25,0.0
"('chrI', 1, 246)",+,,18.802,11.512925464970229,2.302585092994045,0.4781428571428576,0.363857142857144,0.6598571428571397,0.0,0.0
"('chrI', 1, 86)",+,,14.174,11.512925464970229,11.512925464970229,0.3247142857142823,0.5062857142857125,0.4987142857142844,0.0,0.0
"('chrI', 1, 137)",+,,26.346,11.512925464970229,3.772261063052988,0.1855714285714283,0.4961428571428593,0.8030000000000025,0.0,-7.071000000000011
"('chrI', 1, 54)",+,,16.581,0.0387408283164305,11.512925464970229,0.2884285714285683,0.6308571428571383,0.4407142857142886,0.0,0.0
"('chrI', 1, 377)",+,,24.431,11.512925464970229,11.512925464970229,0.0104285714285714,0.6675714285714226,0.5162857142857176,0.0,0.0
"('chrI', 1, 94)",+,,17.82,11.512925464970229,11.512925464970229,0.4304285714285732,0.7325714285714241,0.4832857142857187,-2.5724489795918357,0.0
"('chrI', 1, 66)",+,,18.32,11.512925464970229,6.214608098422191,0.1105714285714278,0.8832857142857167,0.345,0.0,0.0
"('chrI', 1, 356)",+,,13.927,11.512925464970229,11.512925464970229,0.5837142857142845,0.2832857142857119,0.7377142857142799,0.0,0.0
"('chrI', 1, 307)",+,,10.874,1.1177951080848836,11.512925464970229,0.4767142857142863,0.3255714285714294,0.5950000000000011,-7.5,0.0
"('chrI', 1, 88)",+,,13.155,6.907755278982137,0.9263410677276565,0.5327142857142869,0.539142857142855,0.7641428571428505,-1.975,0.0
"('chrI', 1, 64)",+,,9.575,0.6713856887784326,11.512925464970229,0.4024285714285719,0.054,0.2720000000000016,0.0,0.0
"('chrI', 1, 73)",+,,20.498,1.0356374895067213,0.1381133021296342,0.1925714285714279,0.7079999999999904,0.7132857142857044,0.0,0.0
"('chrI', 1, 127)",+,,13.005,11.512925464970229,11.512925464970229,0.433571428571429,0.2722857142857117,0.6898571428571381,-5.847058823529412,0.0
"('chrI', 1, 69)",+,,14.987,1.2765434971607714,11.512925464970229,0.3382857142857139,0.68842857142857,0.5539999999999963,-0.7999999999999999,0.0
"('chrI', 1, 162)",+,,14.498,5.115995809754082,6.907755278982137,0.5109999999999992,0.8762857142857161,0.3770000000000001,-13.3,0.0
"('chrI', 1, 66)",+,,18.838,11.512925464970229,11.512925464970229,0.0551428571428572,0.3755714285714294,0.287571428571429,0.0,0.0
"('chrI', 1, 109)",+,,18.502,0.6792442753909539,11.512925464970229,0.327571428571429,0.4871428571428572,0.7585714285714213,-9.600000000000005,0.0
"('chrI', 1, 66)",+,,19.055,2.453407982728629,4.268697949366879,0.0700000000000001,0.6184285714285684,0.5955714285714259,0.0,0.0
"('chrI', 1, 137)",+,,32.189,11.512925464970229,11.512925464970229,0.2925714285714255,0.2045714285714284,0.6289999999999968,0.0,-8.087951807228904
"('chrI', 1, 316)",+,,17.202,11.512925464970229,3.4420193761824103,0.5829999999999977,0.4822857142857154,0.7360000000000024,0.0,0.0
"('chrI', 1, 345)",+,,20.696,11.512925464970229,11.512925464970229,0.1971428571428563,0.7247142857142834,0.9345714285714312,0.0,0.0
"('chrI', 1, 67)",+,,13.264,0.7465479572870606,1.2765434971607714,0.3355714285714294,0.347857142857142,0.2301428571428558,0.0,0.0
"('chrI', 1, 422)",+,,20.831,1.523260216193048,0.3011050927839216,0.3264285714285711,0.703857142857138,0.7292857142857099,-2.6,0.0
"('chrI', 1, 72)",+,,13.298,11.512925464970229,11.512925464970229,0.1000000000000001,0.0897142857142859,0.8291428571428604,0.0,0.0
"('chrI', 1, 72)",+,,21.126,2.6736487743848776,11.512925464970229,0.3614285714285713,0.2952857142857145,0.4894285714285722,0.0,0.0
"('chrI', 1, 351)",+,,14.461,1.5371172508544744,11.512925464970229,0.5218571428571402,0.5137142857142877,0.6992857142857059,-6.2,0.0
"('chrI', 1, 86)",+,,17.242,4.3428059215206005,11.512925464970229,0.1637142857142854,0.6471428571428517,0.7071428571428474,-4.699999999999993,0.0
"('chrI', 1, 378)",+,,22.022,11.512925464970229,11.512925464970229,0.4569999999999981,0.5394285714285679,0.5697142857142805,-12.6,0.0
"('chrI', 1, 71)",+,,17.208,4.268697949366879,11.512925464970229,0.2861428571428538,0.8462857142857204,0.3761428571428579,0.0,0.0
"('chrI', 1, 117)",+,,16.048,11.512925464970229,0.8096809968158968,0.5654285714285678,0.1485714285714288,0.4244285714285746,0.0,-4.86515151515151
"('chrI', 1, 65)",+,,16.314,1.2378743560016174,11.512925464970229,0.1892857142857128,0.4274285714285695,0.321571428571426,0.0,0.0
"('chrI', 1, 92)",+,,30.712,11.512925464970229,11.512925464970229,0.6205714285714293,0.961000000000002,0.426000000000003,-0.7000000000000007,0.0
"('chrI', 1, 85)",+,,15.627,1.8773173575897013,0.6367668471238376,0.3065714285714279,0.4108571428571423,0.7167142857142853,0.0,0.0
"('chrI', 1, 58)",+,,12.109,4.961845129926823,3.611918412977808,0.6728571428571362,0.514428571428568,0.4771428571428605,0.0,0.0
"('chrI', 1, 87)",+,,20.829,11.512925464970229,11.512925464970229,0.5894285714285665,0.4065714285714288,0.7137142857142789,-8.6,0.0
"('chrI', 1, 60)",+,,5.39,1.3983669423541598,11.512925464970229,0.6938571428571368,0.0075714285714285,0.6922857142857123,0.0,0.0
"('chrI', 1, 246)",+,,6.855,1.0700248318161971,3.473768074496991,0.6849999999999958,0.0668571428571429,0.6447142857142825,-11.6,0.0
"('chrI', 1, 126)",+,,34.417,4.605170185988091,0.1923718926474561,0.1962857142857142,0.1161428571428579,0.4201428571428592,-5.5,0.0
"('chrI', 1, 73)",+,,22.453,4.8283137373023015,11.512925464970229,0.0101428571428571,0.6837142857142793,0.6509999999999938,0.0,0.0
"('chrI', 1, 66)",+,,9.553,0.1053605156578262,11.512925464970229,0.6814285714285672,0.2851428571428539,0.5739999999999944,0.0,0.0
"('chrI', 1, 72)",+,,24.883,11.512925464970229,11.512925464970229,0.0015714285714285,0.5088571428571435,0.6587142857142865,0.0,0.0
"('chrI', 1, 57)",+,,11.367,4.3428059215206005,11.512925464970229,0.3914285714285714,0.2058571428571428,0.388857142857144,0.0,0.0
"('chrI', 1, 103)",+,,13.587,11.512925464970229,11.512925464970229,0.051,0.0635714285714286,0.5472857142857095,-8.95700000000001,0.0
"('chrI', 1, 89)",+,,13.906,11.512925464970229,11.512925464970229,0.6087142857142834,0.4129999999999988,0.2029999999999986,-1.625,0.0
"('chrI', 1, 82)",+,,21.075,6.907755278982137,0.1887421245968774,0.0135714285714285,0.4905714285714257,0.6995714285714212,0.0,0.0
