ChrPos,Strand,Name,LocalizationMetric_Vienna_ens,StartToBPStemMetric_Vienna_ens,BPToEndStemMetric_Vienna_ens,StartProtectionMetric_Vienna_ens,EndProtectionMetric_Vienna_ens,BPProtectionMetric_Vienna_ens
"('chrI', 1, 83)",+,,16.673,11.512925464970229,11.512925464970229,0.8420000000000061,0.8747142857142897,0.12771428571428564
"('chrI', 1, 256)",+,,28.931,11.512925464970229,11.512925464970229,0.9728571428571431,0.15485714285714136,0.9358571428571416
"('chrI', 1, 114)",+,,8.277,4.199705077879927,2.364460496712133,0.531714285714288,0.1165714285714287,0.543999999999996
"('chrI', 1, 63)",+,,12.236,0.1346749033266016,11.512925464970229,0.2174285714285713,0.04328571428571425,0.18828571428571414
"('chrI', 1, 71)",+,,11.44,1.1363141558521213,11.512925464970229,0.8238571428571457,0.1741428571428565,0.33014285714285796
"('chrI', 1, 390)",+,,10.297,0.21815600980317063,11.512925464970229,0.670714285714283,0.049571428571428586,0.0407142857142857
"('chrI', 1, 62)",+,,5.639,0.1672359193759138,11.512925464970229,0.7869999999999994,0.007571428571428573,0.32914285714285413
"('chrI', 1, 72)",+,,7.544,0.41703174447962976,11.512925464970229,0.8291428571428598,0.12899999999999973,0.25457142857142656
"('chrI', 1, 90)",+,,9.969,0.9038682118755978,11.512925464970229,0.480000000000001,0.13842857142857118,0.3644285714285728
"('chrI', 1, 86)",+,,6.998,11.512925464970229,11.512925464970229,0.8628571428571413,0.25399999999999695,0.5788571428571436
"('chrI', 1, 341)",+,,15.351,4.199705077879927,11.512925464970229,0.6524285714285684,0.4725714285714299,0.4407142857142844
"('chrI', 1, 469)",+,,17.804,11.512925464970229,11.512925464970229,0.5395714285714253,0.7278571428571367,0.4268571428571427
"('chrI', 1, 317)",+,,16.651,11.512925464970229,11.512925464970229,0.5642857142857141,0.11499999999999985,0.4071428571428587
"('chrI', 1, 484)",+,,14.995,11.512925464970229,11.512925464970229,0.5454285714285683,0.8290000000000005,0.6231428571428531
"('chrI', 1, 383)",+,,14.493,6.214608098422191,11.512925464970229,0.4261428571428559,0.17599999999999985,0.32314285714285684
"('chrI', 1, 72)",+,,31.369,6.907755278982137,11.512925464970229,0.11371428571428596,0.5411428571428567,0.28599999999999787
"('chrI', 1, 454)",+,,21.738,2.120263536200091,11.512925464970229,0.4350000000000004,0.17599999999999988,0.49542857142857016
"('chrI', 1, 327)",+,,18.486,11.512925464970229,11.512925464970229,0.8527142857142817,0.7087142857142762,0.43028571428571744
"('chrI', 1, 106)",+,,17.375,6.214608098422191,11.512925464970229,0.9021428571428551,0.008000000000000005,0.14199999999999985
"('chrI', 1, 69)",+,,14.596,2.9187712324178627,11.512925464970229,0.5454285714285713,0.05857142857142868,0.14142857142857174
"('chrI', 1, 61)",+,,6.359,0.030459207484708574,11.512925464970229,0.8352857142857106,0.012714285714285723,0.12257142857142948
"('chrI', 1, 73)",+,,25.675,3.9633162998156966,11.512925464970229,0.45728571428571324,0.07014285714285716,0.04728571428571425
"('chrI', 1, 374)",+,,19.155,5.298317366548036,11.512925464970229,0.45285714285714285,0.2615714285714267,0.22042857142857072
"('chrI', 1, 63)",+,,3.017,-0.0,0.0397808700118446,0.8482857142857201,0.6759999999999927,0.5609999999999941
"('chrI', 1, 455)",+,,19.205,1.8971199848858813,11.512925464970229,0.41271428571428537,0.3814285714285716,0.27228571428571197
"('chrI', 1, 379)",+,,5.494,-0.0,11.512925464970229,0.762142857142856,0.3601428571428588,0.6887142857142807
"('chrI', 1, 76)",+,,9.719,3.0159349808715104,11.512925464970229,0.7061428571428557,0.5948571428571399,0.45542857142857124
"('chrI', 1, 103)",+,,18.763,2.0635681925235456,3.6888794541139363,0.4284285714285737,0.1025714285714288,0.4085714285714276
"('chrI', 1, 87)",+,,21.678,4.509860006183766,11.512925464970229,0.11700000000000045,0.06857142857142862,0.5288571428571467
"('chrI', 1, 72)",+,,16.48,11.512925464970229,11.512925464970229,0.17642857142857102,0.010428571428571433,0.35557142857142915
"('chrI', 1, 81)",+,,24.697,11.512925464970229,11.512925464970229,0.9307142857142868,0.028428571428571425,0.2962857142857128
"('chrI', 1, 96)",+,,3.323,0.0010005003335835344,2.2926347621408776,0.945714285714288,0.08057142857142856,0.257285714285712
"('chrI', 1, 70)",+,,14.162,11.512925464970229,11.512925464970229,0.9352857142857134,0.5461428571428529,0.29414285714285693
"('chrI', 1, 71)",+,,13.011,3.6888794541139363,11.512925464970229,0.5362857142857144,0.08214285714285736,0.28399999999999814
"('chrI', 1, 362)",+,,6.938,0.8627499649461253,11.512925464970229,0.6535714285714285,0.03800000000000001,0.25528571428571295
"('chrI', 1, 68)",+,,30.121,11.512925464970229,2.7181005369557116,0.5754285714285708,0.711428571428569,0.20885714285714163
"('chrI', 1, 70)",+,,10.7,0.49593701127224005,11.512925464970229,0.6324285714285705,0.04185714285714285,0.2838571428571416
"('chrI', 1, 112)",+,,17.548,2.137070654516472,11.512925464970229,0.47171428571428464,0.23899999999999885,0.13328571428571484
"('chrI', 1, 116)",+,,21.345,2.631089159966082,0.9213032736976993,0.21371428571428583,0.7535714285714266,0.3589999999999992
"('chrI', 1, 453)",+,,14.643,5.521460917862246,2.5257286443082556,0.3382857142857145,0.28799999999999965,0.39799999999999985
"('chrI', 1, 63)",+,,11.946,2.7806208939370456,11.512925464970229,0.539428571428572,0.29614285714285626,0.16914285714285737
"('chrI', 1, 416)",+,,15.466,1.6398971199188088,1.6502599069543555,0.8291428571428552,0.19485714285714328,0.5117142857142867
"('chrI', 1, 385)",+,,17.33,1.9379419794061366,11.512925464970229,0.5928571428571405,0.08500000000000021,0.25057142857142717
"('chrI', 1, 423)",+,,8.192,1.8773173575897015,11.512925464970229,0.5124285714285729,0.12557142857142944,0.29728571428571143
"('chrI', 1, 67)",+,,11.05,1.1425641761972924,11.512925464970229,0.7508571428571437,0.08042857142857147,0.30271428571428605
"('chrI', 1, 70)",+,,13.837,11.512925464970229,11.512925464970229,0.5879999999999973,0.504428571428577,0.4891428571428551
"('chrI', 1, 71)",+,,8.318,0.18512548412668892,11.512925464970229,0.6881428571428537,0.29842857142857243,0.24557142857142675
"('chrI', 1, 525)",+,,13.599,0.991553216374702,11.512925464970229,0.443857142857144,0.17257142857142838,0.4317142857142839
"('chrI', 1, 528)",+,,12.735,0.4400565528777834,11.512925464970229,0.4801428571428585,0.07742857142857151,0.08257142857142863
"('chrI', 1, 70)",+,,17.488,11.512925464970229,11.512925464970229,0.4907142857142876,0.013571428571428573,0.1938571428571419
"('chrI', 1, 435)",+,,15.483,0.2382571891242579,1.0023934309275668,0.2884285714285714,0.42271428571428543,0.23457142857142796
"('chrI', 1, 84)",+,,12.35,11.512925464970229,11.512925464970229,0.6201428571428539,0.23371428571428515,0.508000000000001
"('chrI', 1, 132)",+,,11.304,1.6873994539038122,11.512925464970229,0.7275714285714273,0.07985714285714289,0.48242857142856793
"('chrI', 1, 493)",+,,7.738,0.22690060019192196,11.512925464970229,0.8141428571428538,0.05428571428571429,0.7009999999999981
"('chrI', 1, 63)",+,,6.921,0.03252319170556006,11.512925464970229,0.7999999999999974,0.03571428571428567,0.17342857142857124
"('chrI', 1, 74)",+,,17.972,0.8096809968158968,11.512925464970229,0.29657142857142715,0.012571428571428577,0.4378571428571438
"('chrI', 1, 72)",+,,21.873,11.512925464970229,11.512925464970229,0.005,0.8212857142857145,0.7365714285714212
"('chrI', 1, 62)",+,,33.967,6.907755278982137,0.5780343734594406,0.12071428571428586,0.47085714285714547,0.545285714285715
"('chrI', 1, 66)",+,,24.592,11.512925464970229,3.3813947543659757,0.09314285714285735,0.13157142857142856,0.13200000000000012
"('chrI', 1, 85)",+,,5.0,1.287354413264987,11.512925464970229,0.9825714285714298,0.00014285714285714284,0.8398571428571459
"('chrI', 1, 155)",+,,19.81,4.135166556742356,11.512925464970229,0.30071428571428543,0.3712857142857148,0.594571428571426
"('chrI', 1, 108)",+,,20.041,1.9105430052180221,3.863232841258714,0.4112857142857143,0.42828571428571305,0.42671428571428693
"('chrI', 1, 66)",+,,10.521,0.7236063880446539,11.512925464970229,0.5387142857142841,0.14242857142857132,0.428571428571425
"('chrI', 1, 67)",+,,17.784,11.512925464970229,11.512925464970229,0.5627142857142828,0.5619999999999972,0.2854285714285682
"('chrI', 1, 375)",+,,18.28,2.8824035882469876,11.512925464970229,0.5622857142857116,0.025428571428571408,0.11571428571428574
"('chrI', 1, 397)",+,,7.251,11.512925464970229,11.512925464970229,0.80757142857143,0.07114285714285722,0.6097142857142804
"('chrI', 1, 478)",+,,26.678,2.234926444520231,11.512925464970229,0.6471428571428579,0.08014285714285713,0.12085714285714294
"('chrI', 1, 581)",+,,15.591,11.512925464970229,11.512925464970229,0.46628571428571447,0.15799999999999978,0.22571428571428506
"('chrI', 1, 62)",+,,2.063,0.024292692569044587,11.512925464970229,0.7874285714285729,0.006428571428571427,0.6421428571428539
"('chrI', 1, 67)",+,,14.644,6.214608098422191,11.512925464970229,0.4240000000000022,0.6909999999999932,0.4118571428571427
"('chrI', 1, 98)",+,,3.247,0.038740828316430595,11.512925464970229,0.9785714285714289,0.02657142857142856,0.3032857142857109
"('chrI', 1, 74)",+,,21.288,6.214608098422191,11.512925464970229,0.47014285714285636,0.6195714285714249,0.20571428571428377
"('chrI', 1, 97)",+,,23.115,4.074541934925921,11.512925464970229,0.5251428571428556,0.7539999999999992,0.29814285714285604
"('chrI', 1, 532)",+,,5.68,0.20089294237939007,0.22690060019192196,0.8822857142857138,0.7267142857142828,0.5255714285714246
"('chrI', 1, 79)",+,,13.178,1.725971728690052,2.995732273553991,0.5617142857142845,0.05357142857142853,0.17314285714285702
"('chrI', 1, 114)",+,,29.028,11.512925464970229,11.512925464970229,0.07228571428571431,0.7887142857142859,0.6808571428571403
"('chrI', 1, 538)",+,,20.271,11.512925464970229,11.512925464970229,0.7825714285714311,0.652571428571424,0.3772857142857139
"('chrI', 1, 339)",+,,24.252,2.995732273553991,3.863232841258714,0.13842857142857137,0.3400000000000014,0.4770000000000002
"('chrI', 1, 139)",+,,11.52,11.512925464970229,11.512925464970229,0.6038571428571399,0.054714285714285736,0.20471428571428468
"('chrI', 1, 216)",+,,11.589,2.2256240518579173,2.9374633654300153,0.6498571428571405,0.35585714285714265,0.2645714285714283
"('chrI', 1, 88)",+,,7.591,6.214608098422191,11.512925464970229,0.8324285714285741,0.0795714285714285,0.4632857142857178
"('chrI', 1, 441)",+,,25.48,2.501036031717884,11.512925464970229,0.36628571428571466,0.4931428571428559,0.6199999999999973
"('chrI', 1, 151)",+,,11.688,3.9633162998156966,11.512925464970229,0.5837142857142822,0.6929999999999941,0.6662857142857096
"('chrI', 1, 426)",+,,22.719,4.961845129926823,11.512925464970229,0.3885714285714284,0.021571428571428554,0.10242857142857166
"('chrI', 1, 464)",+,,9.372,0.3106095770954856,11.512925464970229,0.40357142857142886,0.1848571428571427,0.35071428571428526
"('chrI', 1, 78)",+,,15.814,6.907755278982137,2.353878387381596,0.6117142857142833,0.5055714285714263,0.20699999999999913
"('chrI', 1, 183)",+,,18.265,4.710530701645918,11.512925464970229,0.5332857142857126,0.09828571428571425,0.5215714285714277
"('chrI', 1, 486)",+,,8.23,0.657780036722654,11.512925464970229,0.4658571428571423,0.2294285714285719,0.46271428571428486
"('chrI', 1, 83)",+,,5.418,1.0384583658483626,0.2156715364755087,0.9720000000000001,0.5017142857142818,0.6984285714285651
"('chrI', 1, 89)",+,,24.4,4.509860006183766,11.512925464970229,0.24385714285714172,0.253714285714285,0.29800000000000026
"('chrI', 1, 69)",+,,10.257,1.1973282616072674,11.512925464970229,0.36028571428571526,0.10099999999999988,0.4949999999999971
"('chrI', 1, 344)",+,,20.521,4.074541934925921,11.512925464970229,0.05314285714285724,0.5404285714285678,0.5514285714285684
"('chrI', 1, 236)",+,,17.714,4.8283137373023015,11.512925464970229,0.5477142857142837,0.3651428571428566,0.6257142857142839
"('chrI', 1, 86)",+,,16.924,4.422848629194137,0.18032355413128162,0.27999999999999964,0.6564285714285725,0.3258571428571426
"('chrI', 1, 522)",+,,8.833,3.912023005428146,11.512925464970229,0.7377142857142863,0.40014285714285874,0.48885714285713944
"('chrI', 1, 196)",+,,19.023,11.512925464970229,11.512925464970229,0.09842857142857162,0.4208571428571444,0.7594285714285626
"('chrI', 1, 463)",+,,18.009,11.512925464970229,11.512925464970229,0.19557142857142787,0.13171428571428573,0.06157142857142859
"('chrI', 1, 106)",+,,4.785,0.789658080940789,11.512925464970229,0.8275714285714287,0.16871428571428587,0.6799999999999995
"('chrI', 1, 395)",+,,22.074,3.4112477175156566,11.512925464970229,0.21642857142857008,0.41985714285714476,0.5927142857142804
"('chrI', 1, 74)",+,,24.894,11.512925464970229,11.512925464970229,0.3858571428571436,0.5377142857142826,0.18199999999999825
"('chrI', 1, 65)",+,,17.559,1.8018098050815563,11.512925464970229,0.24471428571428466,0.10600000000000027,0.24871428571428586
"('chrI', 1, 121)",+,,17.462,6.907755278982137,1.1208578976154293,0.5022857142857099,0.7055714285714241,0.31628571428571334
"('chrI', 1, 68)",+,,17.628,3.6888794541139363,11.512925464970229,0.5779999999999965,0.748857142857142,0.7334285714285708
"('chrI', 1, 66)",+,,9.867,2.513306124309698,11.512925464970229,0.580571428571427,0.009000000000000001,0.5120000000000008
"('chrI', 1, 399)",+,,12.777,1.9379419794061366,11.512925464970229,0.2601428571428564,0.3931428571428596,0.5427142857142857
"('chrI', 1, 82)",+,,15.776,3.123565645063876,11.512925464970229,0.3835714285714277,0.2334285714285706,0.5149999999999969
"('chrI', 1, 450)",+,,7.578,0.2446225829913339,0.3285040669720361,0.33314285714285474,0.444999999999998,0.8264285714285687
"('chrI', 1, 418)",+,,15.742,5.521460917862246,11.512925464970229,0.51685714285714,0.4374285714285728,0.22385714285714273
"('chrI', 1, 560)",+,,16.452,5.521460917862246,11.512925464970229,0.3167142857142864,0.05057142857142857,0.6444285714285681
"('chrI', 1, 345)",+,,15.733,3.863232841258714,5.115995809754082,0.6649999999999937,0.37871428571428684,0.4747142857142831
"('chrI', 1, 125)",+,,6.766,0.10869941692334091,11.512925464970229,0.3355714285714266,0.004142857142857143,0.4337142857142882
"('chrI', 1, 398)",+,,13.356,11.512925464970229,4.3428059215206005,0.5791428571428547,0.5791428571428522,0.49457142857142744
"('chrI', 1, 155)",+,,12.674,1.760260802168684,0.9238189982949466,0.5498571428571406,0.16014285714285686,0.4477142857142874
"('chrI', 1, 72)",+,,21.909,11.512925464970229,11.512925464970229,0.5332857142857143,0.3159999999999984,0.3784285714285724
"('chrI', 1, 464)",+,,14.77,3.4420193761824103,11.512925464970229,0.4140000000000006,0.216142857142857,0.2521428571428581
"('chrI', 1, 85)",+,,5.311,4.961845129926823,0.019182819416773987,0.7552857142857146,0.5365714285714325,0.8425714285714258
"('chrI', 1, 65)",+,,13.384,1.742969305058623,6.214608098422191,0.8118571428571462,0.2562857142857119,0.3787142857142866
"('chrI', 1, 73)",+,,24.389,11.512925464970229,11.512925464970229,0.41028571428571187,0.9712857142857148,0.3245714285714284
"('chrI', 1, 88)",+,,3.697,0.03562717764315116,11.512925464970229,0.8337142857142916,0.04299999999999999,0.32285714285713946
"('chrI', 1, 75)",+,,12.351,0.9888614247089905,0.24334625863172918,0.402285714285713,0.6619999999999934,0.23985714285714305
"('chrI', 1, 244)",+,,19.56,3.146555163288575,5.809142990314028,0.17685714285714238,0.0707142857142858,0.37514285714285805
"('chrI', 1, 56)",+,,17.234,6.214608098422191,11.512925464970229,0.32000000000000023,0.588857142857141,0.24185714285714224
"('chrI', 1, 64)",+,,6.066,0.00904074465214907,11.512925464970229,0.22657142857142692,0.11942857142857141,0.381428571428572
"('chrI', 1, 428)",+,,15.711,1.8388510767619055,11.512925464970229,0.5124285714285695,0.3704285714285715,0.5181428571428603
"('chrI', 1, 66)",+,,5.968,0.04709160753385057,11.512925464970229,0.8295714285714325,0.0019999999999999996,0.1355714285714296
"('chrI', 1, 340)",+,,10.198,0.0779615414697118,3.9633162998156966,0.337857142857143,0.21642857142857017,0.29900000000000004
"('chrI', 1, 73)",+,,17.463,11.512925464970229,6.214608098422191,0.5630000000000015,0.42114285714285477,0.6515714285714238
"('chrI', 1, 94)",+,,34.407,4.8283137373023015,11.512925464970229,0.09200000000000012,0.2329999999999987,0.028285714285714258
"('chrI', 1, 66)",+,,3.484,0.052346480372209236,11.512925464970229,0.8445714285714334,0.002428571428571428,0.2884285714285685
"('chrI', 1, 327)",+,,17.114,3.912023005428146,11.512925464970229,0.5642857142857153,0.15000000000000002,0.24828571428571336
"('chrI', 1, 284)",+,,5.094,0.024292692569044587,11.512925464970229,0.7798571428571446,0.015714285714285715,0.22342857142857006
"('chrI', 1, 375)",+,,3.764,0.0030045090202987243,11.512925464970229,0.5481428571428535,0.01928571428571428,0.27714285714285425
"('chrI', 1, 339)",+,,3.704,0.05868899634867961,11.512925464970229,0.9295714285714303,0.009857142857142858,0.2891428571428541
"('chrI', 1, 69)",+,,25.313,4.710530701645918,11.512925464970229,0.38571428571428484,0.6579999999999994,0.5865714285714245
"('chrI', 1, 81)",+,,21.542,5.809142990314028,11.512925464970229,0.19899999999999965,0.6102857142857104,0.5465714285714244
"('chrI', 1, 65)",+,,5.007,11.512925464970229,11.512925464970229,0.6564285714285666,0.009571428571428573,0.2818571428571401
"('chrI', 1, 62)",+,,8.436,11.512925464970229,11.512925464970229,0.589571428571426,0.15328571428571472,0.6507142857142837
"('chrI', 1, 83)",+,,12.184,3.2441936328524905,11.512925464970229,0.31742857142857167,0.13614285714285712,0.3324285714285705
"('chrI', 1, 434)",+,,53.775,11.512925464970229,11.512925464970229,0.11828571428571451,0.1847142857142841,0.030999999999999986
"('chrI', 1, 513)",+,,18.73,6.907755278982137,6.214608098422191,0.45685714285714285,0.530571428571428,0.21271428571428397
"('chrI', 1, 323)",+,,27.534,2.995732273553991,11.512925464970229,0.22071428571428575,0.13014285714285717,0.23414285714285749
"('chrI', 1, 522)",+,,6.413,0.03770186718401153,11.512925464970229,0.5422857142857127,0.002428571428571428,0.4778571428571406
"('chrI', 1, 110)",+,,13.99,0.4992264879226388,0.011060947359424948,0.4817142857142887,0.3724285714285697,0.13114285714285737
"('chrI', 1, 82)",+,,15.652,4.268697949366879,0.13696585507315742,0.38442857142857245,0.7178571428571349,0.6639999999999976
"('chrI', 1, 451)",+,,18.032,2.645075401940822,11.512925464970229,0.410571428571429,0.5148571428571453,0.4141428571428566
"('chrI', 1, 77)",+,,9.913,4.135166556742356,11.512925464970229,0.8261428571428615,0.546999999999995,0.5057142857142887
"('chrI', 1, 66)",+,,22.455,11.512925464970229,5.809142990314028,0.07528571428571437,0.477571428571429,0.552571428571425
"('chrI', 1, 210)",+,,17.174,4.961845129926823,11.512925464970229,0.37528571428571544,0.11914285714285723,0.11314285714285728
"('chrI', 1, 395)",+,,12.924,11.512925464970229,11.512925464970229,0.3625714285714279,0.3625714285714279,0.39314285714285474
"('chrI', 1, 60)",+,,16.943,3.7722610630529876,11.512925464970229,0.3947142857142867,0.40314285714285564,0.4587142857142836
"('chrI', 1, 56)",+,,11.202,1.439695137847006,11.512925464970229,0.7092857142857096,0.643285714285708,0.25185714285714195
"('chrI', 1, 85)",+,,24.807,4.710530701645918,11.512925464970229,0.37485714285714383,0.016857142857142866,0.36214285714285765
"('chrI', 1, 76)",+,,6.759,2.364460496712133,11.512925464970229,0.8865714285714291,0.216285714285713,0.5322857142857159
"('chrI', 1, 75)",+,,11.348,0.8096809968158968,11.512925464970229,0.5032857142857096,0.23914285714285483,0.6909999999999977
"('chrI', 1, 95)",+,,30.784,5.298317366548036,3.816712825623821,0.627999999999999,0.29714285714285577,0.37928571428571506
"('chrI', 1, 60)",+,,6.248,0.5058380822549516,11.512925464970229,0.5447142857142871,0.07842857142857143,0.5268571428571401
"('chrI', 1, 66)",+,,14.225,1.7037485919053417,11.512925464970229,0.5227142857142831,0.46971428571428536,0.32685714285714285
"('chrI', 1, 73)",+,,16.805,11.512925464970229,11.512925464970229,0.5585714285714257,0.5557142857142828,0.3984285714285726
"('chrI', 1, 58)",+,,6.306,2.563949857128453,11.512925464970229,0.8005714285714307,0.0012857142857142856,0.6312857142857106
"('chrI', 1, 57)",+,,14.912,2.8824035882469876,11.512925464970229,0.7865714285714277,0.11614285714285716,0.07628571428571432
"('chrI', 1, 93)",+,,46.451,6.907755278982137,11.512925464970229,0.10400000000000002,0.11499999999999991,0.11285714285714225
"('chrI', 1, 474)",+,,12.239,11.512925464970229,11.512925464970229,0.8357142857142841,0.5764285714285674,0.33371428571428624
"('chrI', 1, 60)",+,,4.662,0.02326862693935433,11.512925464970229,0.5518571428571464,0.19285714285714217,0.5784285714285667
"('chrI', 1, 67)",+,,14.708,3.3242363405260273,11.512925464970229,0.3845714285714264,0.12628571428571533,0.5505714285714243
"('chrI', 1, 67)",+,,15.672,4.961845129926823,2.7333680090865,0.7941428571428578,0.5430000000000011,0.23057142857142623
"('chrI', 1, 66)",+,,19.402,4.710530701645918,0.770028224895903,0.546285714285716,0.47214285714285514,0.4804285714285686
"('chrI', 1, 506)",+,,19.656,2.1892564076870427,3.816712825623821,0.3551428571428566,0.300857142857143,0.41628571428571154
"('chrI', 1, 324)",+,,8.79,0.4155154439616658,11.512925464970229,0.5169999999999956,0.04757142857142855,0.45571428571428235
"('chrI', 1, 60)",+,,7.284,3.912023005428146,11.512925464970229,0.49814285714285533,0.10414285714285708,0.6569999999999974
"('chrI', 1, 68)",+,,26.586,11.512925464970229,11.512925464970229,0.007428571428571429,0.8105714285714278,0.5017142857142818
"('chrI', 1, 417)",+,,11.617,1.579879110192556,11.512925464970229,0.45985714285714274,0.2015714285714282,0.3031428571428548
"('chrI', 1, 60)",+,,24.683,11.512925464970229,11.512925464970229,0.10471428571428586,0.09271428571428589,0.15742857142857133
"('chrI', 1, 90)",+,,14.436,0.7507762933965817,11.512925464970229,0.367,0.24028571428571416,0.36785714285714116
"('chrI', 1, 74)",+,,27.062,4.268697949366879,3.7297014486341915,0.43671428571428583,0.45771428571428485,0.1554285714285714
"('chrI', 1, 68)",+,,14.893,0.9467499393588635,11.512925464970229,0.6444285714285689,0.30528571428571466,0.25328571428571456
"('chrI', 1, 118)",+,,10.823,11.512925464970229,11.512925464970229,0.9775714285714283,0.541999999999995,0.1648571428571413
"('chrI', 1, 316)",+,,13.924,11.512925464970229,11.512925464970229,0.4002857142857152,0.020571428571428563,0.7167142857142828
"('chrI', 1, 93)",+,,17.696,11.512925464970229,11.512925464970229,0.9724285714285719,0.8394285714285725,0.25571428571428234
"('chrI', 1, 65)",+,,9.611,3.2188758248682006,11.512925464970229,0.5832857142857115,0.1344285714285715,0.4301428571428585
"('chrI', 1, 256)",+,,24.353,6.907755278982137,3.7722610630529876,0.5457142857142816,0.7768571428571439,0.2761428571428555
"('chrI', 1, 66)",+,,30.676,11.512925464970229,0.32158362412746233,0.2557142857142831,0.6159999999999975,0.7145714285714265
"('chrI', 1, 80)",+,,10.459,11.512925464970229,11.512925464970229,0.4267142857142854,0.2564285714285716,0.42928571428571455
"('chrI', 1, 216)",+,,16.129,11.512925464970229,11.512925464970229,0.6378571428571402,0.5979999999999975,0.2254285714285695
"('chrI', 1, 314)",+,,20.978,5.809142990314028,11.512925464970229,0.6621428571428534,0.6005714285714239,0.6744285714285643
"('chrI', 1, 69)",+,,14.326,4.509860006183766,11.512925464970229,0.6875714285714248,0.4115714285714294,0.5301428571428523
"('chrI', 1, 206)",+,,16.49,2.796881414808826,0.060812139396757475,0.556428571428567,0.4139999999999985,0.4594285714285741
"('chrI', 1, 100)",+,,15.003,11.512925464970229,11.512925464970229,0.25757142857142906,0.027285714285714267,0.30157142857142577
"('chrI', 1, 508)",+,,9.928,1.2106617924767327,11.512925464970229,0.7122857142857101,0.46071428571428635,0.377428571428569
"('chrI', 1, 85)",+,,19.68,1.443923473956527,1.058430499035278,0.47428571428571525,0.5950000000000031,0.17785714285714216
"('chrI', 1, 83)",+,,11.951,5.809142990314028,0.37106368139083207,0.9698571428571432,0.2007142857142845,0.15242857142857133
"('chrI', 1, 349)",+,,26.467,11.512925464970229,11.512925464970229,0.05342857142857144,0.6685714285714219,0.6624285714285651
"('chrI', 1, 473)",+,,13.376,1.0996127890016931,11.512925464970229,0.8378571428571425,0.38628571428571573,0.2810000000000004
"('chrI', 1, 57)",+,,5.025,0.006018072325563021,11.512925464970229,0.8377142857142896,0.00042857142857142855,0.7034285714285622
"('chrI', 1, 217)",+,,22.352,3.101092789211817,4.961845129926823,0.8607142857142883,0.5521428571428538,0.0922857142857143
"('chrI', 1, 74)",+,,20.931,3.611918412977808,11.512925464970229,0.5178571428571431,0.671714285714285,0.39542857142857024
"('chrI', 1, 61)",+,,5.964,0.37542098675978763,11.512925464970229,0.8281428571428553,0.12114285714285691,0.4759999999999991
"('chrI', 1, 76)",+,,30.618,11.512925464970229,11.512925464970229,0.6757142857142789,0.21300000000000077,0.015714285714285722
"('chrI', 1, 90)",+,,13.808,2.659260036932778,11.512925464970229,0.37900000000000045,0.15314285714285725,0.5775714285714267
"('chrI', 1, 355)",+,,13.232,0.47965000629754095,11.512925464970229,0.524428571428572,0.1509999999999999,0.41814285714285515
"('chrI', 1, 67)",+,,21.258,6.907755278982137,5.809142990314028,0.6784285714285692,0.7951428571428555,0.14471428571428457
"('chrI', 1, 107)",+,,25.13,11.512925464970229,5.521460917862246,0.5561428571428517,0.20328571428571338,0.2529999999999982
"('chrI', 1, 61)",+,,12.864,1.0328245481301066,1.3093333199837622,0.6592857142857151,0.5958571428571402,0.2717142857142831
"('chrI', 1, 171)",+,,16.643,1.6044503709230613,-0.0,0.5677142857142828,0.44171428571428406,0.10742857142857147
"('chrI', 1, 318)",+,,19.67,11.512925464970229,11.512925464970229,0.24614285714285536,0.043857142857142824,0.04571428571428575
"('chrI', 1, 513)",+,,24.002,4.961845129926823,11.512925464970229,0.740142857142857,0.029714285714285697,0.057714285714285725
"('chrI', 1, 83)",+,,15.401,11.512925464970229,11.512925464970229,0.29299999999999976,0.3222857142857138,0.5054285714285691
"('chrI', 1, 415)",+,,24.78,2.137070654516472,11.512925464970229,0.19614285714285717,0.1318571428571429,0.49442857142856994
"('chrI', 1, 80)",+,,19.01,1.7486999797676082,0.3438997524500096,0.33442857142857135,0.604571428571425,0.2905714285714282
"('chrI', 1, 80)",+,,18.476,1.783791299578878,0.3438997524500096,0.34457142857142825,0.6057142857142822,0.2978571428571427
"('chrI', 1, 425)",+,,9.726,11.512925464970229,11.512925464970229,0.3845714285714282,0.08271428571428578,0.6570000000000029
"('chrI', 1, 147)",+,,14.476,2.9374633654300153,11.512925464970229,0.528428571428573,0.09528571428571442,0.29214285714285676
"('chrI', 1, 503)",+,,11.47,1.155182640156504,11.512925464970229,0.6587142857142811,0.04085714285714284,0.49757142857143066
"('chrI', 1, 70)",+,,10.597,0.03459144476961909,11.512925464970229,0.8865714285714297,0.033571428571428544,0.03914285714285711
"('chrI', 1, 122)",+,,19.843,11.512925464970229,0.17912666589743548,0.3678571428571423,0.2317142857142847,0.2950000000000014
"('chrI', 1, 99)",+,,15.355,2.703062659591171,11.512925464970229,0.2935714285714294,0.658857142857139,0.2695714285714278
"('chrI', 1, 83)",+,,28.318,11.512925464970229,11.512925464970229,0.05085714285714288,0.42814285714285677,0.5954285714285686
"('chrI', 1, 64)",+,,21.968,3.7297014486341915,11.512925464970229,0.4965714285714311,0.5672857142857141,0.18871428571428497
"('chrI', 1, 65)",+,,14.065,5.809142990314028,11.512925464970229,0.5237142857142834,0.11485714285714303,0.13000000000000075
"('chrI', 1, 73)",+,,9.075,11.512925464970229,11.512925464970229,0.9958571428571432,0.0031428571428571426,0.5202857142857125
"('chrI', 1, 62)",+,,18.364,11.512925464970229,11.512925464970229,0.8137142857142887,0.3022857142857121,0.024285714285714258
"('chrI', 1, 323)",+,,23.822,11.512925464970229,11.512925464970229,0.8047142857142876,0.5154285714285696,0.6205714285714297
"('chrI', 1, 73)",+,,18.365,11.512925464970229,1.9173226922034008,0.3191428571428578,0.04542857142857141,0.2954285714285723
"('chrI', 1, 80)",+,,7.326,1.448169764837978,11.512925464970229,0.6941428571428518,0.00757142857142857,0.46299999999999875
"('chrI', 1, 80)",+,,23.634,6.214608098422191,11.512925464970229,0.7525714285714247,0.539714285714282,0.4145714285714303
"('chrI', 1, 68)",+,,11.117,3.575550768806933,4.199705077879927,0.6911428571428492,0.42685714285714405,0.14485714285714307
"('chrI', 1, 77)",+,,5.327,3.170085660698769,11.512925464970229,0.6570000000000001,0.10242857142857144,0.54128571428571
"('chrI', 1, 71)",+,,20.124,1.0729445419195318,2.8134107167600364,0.2328571428571424,0.5284285714285696,0.44228571428571356
"('chrI', 1, 65)",+,,5.973,0.7507762933965817,11.512925464970229,0.7518571428571419,0.003999999999999999,0.24799999999999797
"('chrI', 1, 64)",+,,7.72,1.1056369036050742,11.512925464970229,0.7064285714285699,0.08271428571428574,0.6731428571428557
